economy,Pop-YR2002,Pop-YR2021,Pop%,Life-YR2002,Life-YR2021,Life%,Fer-YR2002,Fer-YR2021,Fer%,Death-YR2002,Death-YR2021,Death%,Birth-YR2002,Birth-YR2021,Birth%,Med_Age-YR2002,Med_Age-YR2021,Med%,Pop_Gro-YR2002,Pop_Gro-YR2021
ABW,91781,106537,0.16077401640862488,73.726,74.626,0.01220736239589848,1.763,1.18,-0.3306863301191152,6.42,11.235,0.75,12.992,7.193,-0.44635160098522175,33.9,41.2,0.21533923303834812,1.19471805545637,-0.0450446230906329
AFE,422741118,702977106,0.6629021310389778,52.540794004192,62.4545896453864,0.18868758702815613,5.43047454382283,4.35470911162755,-0.19809786852218358,13.3095890478815,8.03689904019719,-0.39615723586323426,40.0473245655938,33.5462662739603,-0.16233439717016218,,,,2.60659802563768,2.60747169409558
AFG,21000256,40099462,0.9094749130677264,56.454,61.982,0.09792043079321222,7.339,4.643,-0.3673525003406459,11.28,7.344,-0.3489361702127659,48.201,35.842,-0.2564054687662082,14.0,16.7,0.19285714285714284,6.44932147797304,2.85135765449931
AFW,284952322,478185907,0.6781260234826232,50.9278483335328,56.9886567820139,0.11900774619002386,5.96726651984921,4.97866247082482,-0.16567117385086594,15.0069056553924,10.6789520483923,-0.2883974688975901,42.92712139574,36.237033763471,-0.15584757176224062,,,,2.8114526890211,2.57337740168795
AGO,17516139,34503774,0.969827597280428,47.386,61.643,0.30086945511332464,6.567,5.304,-0.19232526267702144,17.275,8.009,-0.536382054992764,47.448,38.809,-0.18207300623840839,15.7,16.2,0.031847133757961776,3.33513160843876,3.16602986153025
ALB,3051010,2811666,-0.07844746493784027,75.89,76.463,0.007550401897483017,2.036,1.39,-0.31728880157170924,5.953,11.325,0.9024021501763815,15.209,10.24,-0.3267144453941745,27.3,37.3,0.3663003663003661,-0.299876697084691,-0.926918061639398
AND,70849,79034,0.11552738923626293,0.0,0.0,,0.0,0.0,,0.0,0.0,,11.2,0.0,-1.0,36.8,42.5,0.15489130434782616,4.36937150135481,1.70228822534561
ARB,300018650,456520777,0.5216413279641117,67.9355701632582,70.814483021063,0.04237710599743827,3.72736884420368,3.14256520482342,-0.15689449148282464,6.11731128146867,5.75036744684021,-0.059984496087366446,28.36912402169,23.7748332749749,-0.16194686671334912,,,,2.21670748153213,1.62333518723852
ARE,3633655,9365145,1.5773346671602009,74.901,78.71,0.05085379367431675,2.54,1.46,-0.4251968503937008,1.987,1.874,-0.0568696527428284,16.401,10.307,-0.37156270959087856,26.6,32.8,0.23308270676691722,5.06487258360989,0.834812788038646
ARG,37885028,45808747,0.20915172611196176,74.408,75.39,0.013197505644554353,2.493,1.885,-0.24388287204171677,7.518,8.955,0.19114126097366335,18.756,13.902,-0.2587971849008318,27.1,31.3,0.15498154981549805,1.07353834961783,0.947490959333989
ARM,3105037,2790974,-0.10114629873975733,71.018,72.043,0.014432960657861482,1.525,1.575,0.032786885245901676,8.593,13.007,0.5136739206330734,12.19,12.049,-0.011566858080393816,29.4,34.4,0.17006802721088432,-0.900783081509756,-0.522963242641951
ASM,58177,45035,-0.22589683208140676,0.0,0.0,,0.0,0.0,,0.0,0.0,,0.0,0.0,,20.1,27.6,0.3731343283582089,-0.252358482783624,-2.53017092647207
ATG,77195,93219,0.20757821102403007,75.536,78.497,0.03919985172632923,1.94,1.58,-0.18556701030927825,6.072,6.365,0.048254281949934086,17.202,12.115,-0.29572142774096044,27.9,34.7,0.24372759856630832,1.27763943800851,0.597151594527623
AUS,19495210,25688079,0.3176610562286839,79.9365853658537,83.3,0.04207603588210107,1.756,1.7,-0.031890660592255204,6.8,6.7,-0.014705882352941124,12.8,12.1,-0.05468750000000011,34.9,37.0,0.06017191977077374,1.1375387361946,0.127728295728263
AUT,8081957,8955797,0.10812232730265703,78.6780487804878,81.2390243902439,0.032550065100130254,1.39,1.48,0.06474820143884896,9.4,10.3,0.0957446808510638,9.7,9.6,-0.010309278350515427,37.9,42.8,0.12928759894459096,0.49198046425522,0.435671684056384
AZE,8171950,10137750,0.24055457999620655,66.239,69.366,0.04720783828258268,1.8,1.52,-0.15555555555555556,5.7,7.6,0.33333333333333326,13.5,11.1,-0.1777777777777778,25.2,31.4,0.24603174603174605,0.746173582716985,0.441197735816311
BDI,6648938,12551213,0.8877019157044328,49.891,61.663,0.23595438054959805,6.819,5.078,-0.25531602874321746,14.501,7.474,-0.484587269843459,43.807,34.842,-0.20464765904992355,15.1,15.6,0.0331125827814569,2.79413757787033,2.67247846179476
BEL,10332785,11592952,0.12195811680974677,78.0756097560976,81.890243902439,0.04885820499203297,1.65,1.6,-0.030303030303030165,10.2,9.7,-0.0490196078431373,10.9,10.2,-0.06422018348623859,38.4,40.9,0.06510416666666674,0.448268894821562,0.469904402495701
BEN,7431783,12996895,0.7488259546867824,56.606,59.821,0.05679609935342533,5.777,4.973,-0.13917258092435525,11.77,9.434,-0.19847068819031444,41.251,36.608,-0.11255484715522046,16.3,17.5,0.07361963190184051,3.00138127284262,2.75970517933377
BFA,12632269,22100683,0.7495418281545461,51.272,59.27,0.15599157434857247,6.339,4.772,-0.24719987379712893,14.837,8.958,-0.3962391318999797,44.463,35.541,-0.20066122393900554,15.6,16.6,0.06410256410256432,3.07479003510637,2.65037591522147
BGD,134139826,169356251,0.26253519219564225,66.612,72.381,0.08660601693388581,3.084,1.981,-0.3576523994811932,6.597,5.68,-0.13900257692890716,27.968,17.821,-0.36280749427917613,20.2,26.3,0.301980198019802,1.85802653007171,1.14931847631384
BGR,7837161,6877743,-0.1224190749686015,71.8658536585366,71.5146341463415,-0.004887154250805548,1.23,1.58,0.2845528455284554,14.4,21.7,0.5069444444444444,8.5,8.5,0.0,39.2,44.5,0.13520408163265296,-2.17069878030004,-0.814846471528947
BHR,748324,1463265,0.9553896440579215,76.088,78.76,0.03511723267795208,2.69,1.811,-0.3267657992565056,2.509,2.479,-0.011956954962136224,20.471,11.926,-0.4174197645449661,26.1,32.7,0.25287356321839094,2.44395122899014,-0.966024840061971
BHS,334002,407906,0.22126813611894547,72.232,71.598,-0.0087772732307011,1.998,1.389,-0.30480480480480476,5.785,8.986,0.5533275713050996,17.161,11.445,-0.33308082279587437,26.3,32.4,0.23193916349809873,1.31883025634015,0.352416997336031
BIH,4198410,3270943,-0.22090910606634417,74.612,75.3,0.009221036830536766,1.23,1.35,0.09756097560975618,8.859,15.712,0.773563607630658,9.902,8.42,-0.14966673399313268,33.6,41.8,0.24404761904761885,0.0828752170247773,-1.44065259604193
BLR,9865548,9302585,-0.0570635305813727,68.0560975609756,72.3706829268293,0.06339748414149082,1.24,1.483,0.19596774193548394,14.8,16.544,0.11783783783783774,8.9,9.283,0.04303370786516836,36.2,40.2,0.11049723756906071,-0.636565666436346,-0.82823272086807
BLZ,255987,400031,0.5627004496322079,68.752,70.47,0.024988363974866257,3.465,2.01,-0.4199134199134199,5.755,6.353,0.10390964378801049,29.185,17.976,-0.3840671577865342,19.0,25.2,0.3263157894736841,3.12947712423959,1.28562992065572
BMU,62912,63764,0.013542726347914646,80.631,79.28,-0.01675534223809705,1.77,1.3,-0.2655367231638418,6.7,11.3,0.6865671641791045,13.2,7.7,-0.41666666666666663,36.7,44.9,0.22343324250681196,0.650636983025823,-0.202104144558527
BOL,8900583,12079472,0.3571551436574436,63.306,63.63,0.005117998294000614,3.802,2.618,-0.31141504471330883,9.287,9.945,0.07085172822224606,28.572,21.836,-0.2357552848943022,19.9,23.9,0.20100502512562812,1.75107228754869,1.19348671867883
BRA,180476685,214326223,0.18755629293612075,70.41,72.75,0.03323391563698341,2.103,1.641,-0.21968616262482177,6.329,8.326,0.3155316795702323,18.574,12.883,-0.30639603747173483,25.0,32.8,0.31199999999999983,1.26284153622856,0.528590452919416
BRB,266455,281200,0.05533767427895886,74.366,77.571,0.04309765215286543,1.793,1.633,-0.08923591745677628,9.296,9.007,-0.03108864027538727,13.77,10.832,-0.21336238198983293,33.1,38.9,0.1752265861027189,0.405391731352261,0.180461453548187
BRN,347463,445373,0.2817853987331025,74.426,74.642,0.0029022115927228587,2.22,1.778,-0.19909909909909917,3.339,5.211,0.5606469002695418,18.225,13.8,-0.24279835390946503,22.8,31.8,0.39473684210526305,1.95149833621625,0.822461681539278
BTN,619048,777486,0.2559381501919076,64.078,71.815,0.12074346889728127,3.078,1.413,-0.5409356725146198,7.669,6.477,-0.15543095579606203,23.399,12.482,-0.46655839993162107,19.9,28.2,0.41708542713567853,2.58776329516912,0.642586172837449
BWA,1795130,2588423,0.44191395609231643,50.632,61.141,0.20755648601674825,3.181,2.791,-0.12260295504558316,13.533,9.461,-0.3008941106923816,28.477,23.576,-0.17210380306914352,18.9,23.5,0.24338624338624348,1.86676435735896,1.6367427551677
CAF,3930648,5457154,0.38835988366294827,45.409,53.895,0.18687925301151753,5.836,5.978,0.024331734064427568,17.168,11.393,-0.3363816402609505,42.635,42.68,0.0010554708572769744,15.9,14.7,-0.07547169811320764,2.20897342817341,2.11363722558977
CAN,31360079,38226498,0.21895413592548674,79.5307317073171,82.5966097560976,0.03854960193329182,1.52,1.43,-0.05921052631578949,7.1,7.8,0.09859154929577474,10.5,9.6,-0.08571428571428574,36.6,40.2,0.09836065573770503,1.08744792718674,0.575421916470359
CEB,106959751,101410997,-0.05187702802337302,73.2424154880921,74.9321193249952,0.023070017907558027,1.25343211636416,1.55097995047774,0.2373864768813163,11.1644498611445,15.3957630206515,0.3789988053270039,9.27703769430054,9.26899267246135,-0.0008671972783007575,,,,-0.650464177326484,-0.75271683952937
CHE,7284753,8703405,0.19474263574894035,80.3853658536585,83.8512195121951,0.04311548030827139,1.39,1.52,0.09352517985611519,8.5,8.2,-0.03529411764705892,9.9,10.3,0.04040404040404044,38.2,41.8,0.09424083769633484,0.756469145838096,0.752392087137583
CHI,147167,172683,0.17338126074459637,78.906,81.232,0.029478113197982214,1.469,1.457,-0.008168822328114334,9.20043216210156,8.44900771934701,-0.08167273335809366,10.9059775629047,10.1168036228233,-0.07236159578813695,,,,0.766005021042782,0.913338674061597
CHL,15693790,19493184,0.2420953765788889,77.445,78.944,0.019355671767060656,1.935,1.537,-0.2056847545219639,5.035,7.426,0.47487586891757694,15.367,11.788,-0.2329016724149151,28.7,34.9,0.21602787456445993,1.08792963607244,0.994344898418259
CHN,1280400000,1412360000,0.10306154326772887,72.985,78.211,0.07160375419606768,1.566,1.164,-0.25670498084291193,6.41,7.18,0.12012480499219969,12.86,7.52,-0.4152410575427683,30.1,37.9,0.25913621262458464,0.669999567758626,0.0892522000412526
CIV,17683897,27478249,0.5538571051392123,50.886,58.598,0.15155445505640053,5.705,4.418,-0.22559158632778264,13.933,9.001,-0.3539797602813465,43.53,33.934,-0.22044566965311285,16.1,17.6,0.0931677018633541,2.51050671514096,2.455303010444
CMR,15914033,27198628,0.7090971220180327,53.415,60.333,0.12951418140971627,5.458,4.463,-0.18230120923415172,13.036,8.582,-0.3416692236882478,40.954,34.938,-0.14689651804463544,16.2,17.5,0.08024691358024705,2.67966597627532,2.63581940586039
COD,51662071,95894118,0.8561802913398497,52.333,59.193,0.13108363747539786,6.672,6.156,-0.07733812949640284,14.186,9.7,-0.31622726631890596,44.697,42.049,-0.05924334966552569,15.8,15.6,-0.012658227848101333,3.05700023925831,3.22252815991252
COG,3331158,5835806,0.7518850802033408,55.088,63.519,0.15304603543421424,4.719,4.171,-0.11612629794447982,11.463,7.063,-0.38384367094128935,37.547,30.691,-0.1825978107438676,17.5,18.2,0.040000000000000036,2.34039442531377,2.31648825280279
COL,40454050,51516562,0.2734587019099448,71.939,72.83,0.0123854932651275,2.458,1.717,-0.3014646053702197,5.26,7.735,0.4705323193916351,21.021,14.204,-0.3242947528661815,23.6,30.8,0.3050847457627117,1.53486691614177,1.14382091580962
COM,559047,821625,0.4696885950555141,59.056,63.417,0.07384516391221907,5.206,3.978,-0.2358816749903957,10.317,8.718,-0.15498691480081417,35.017,29.398,-0.16046491704029475,15.5,20.1,0.2967741935483872,2.04310008455716,1.89944099480128
CPV,473231,587925,0.24236366594749703,70.705,74.052,0.04733752917049716,3.271,1.896,-0.420360745949251,5.291,6.028,0.13929313929313913,27.255,16.951,-0.3780590717299578,18.0,26.5,0.4722222222222223,1.54881400616773,0.90298888332359
CRI,4122623,5153957,0.2501645190452777,77.983,77.023,-0.012310375338214885,2.2,1.533,-0.30318181818181833,3.999,7.192,0.7984496124031009,18.12,11.873,-0.34475717439293607,25.1,32.9,0.31075697211155373,1.69774908835068,0.600406861056438
CSS,6671842,7481877,0.12141099864175442,69.9700669387854,70.9962586746614,0.01466615341062627,2.21532659980828,1.66452203748274,-0.24863357049620038,6.97504322239645,8.94012435154975,0.2817303157123874,18.9366053479684,13.5505606924573,-0.2844250358784046,,,,0.679648995148938,0.498457440178115
CUB,11170051,11256372,0.007727896676568369,76.612,73.683,-0.03823160862528052,1.608,1.442,-0.1032338308457712,7.436,14.652,0.9704142011834318,12.262,8.922,-0.27238623389332894,33.2,41.2,0.24096385542168663,0.277231369135209,-0.393012541562472
CUW,129205,152369,0.17928098757788002,73.2115365853659,0.0,-1.0,2.23,1.38390804597701,-0.37941343229730495,8.352,11.1,0.32902298850574696,14.988,8.6,-0.426207632772885,34.1,36.0,0.055718475073313734,0.122361119924304,-1.6777912474095
CYM,42456,68136,0.6048615036743923,0.0,0.0,,0.0,0.0,,2.8,4.0,0.4285714285714286,13.7,12.4,-0.094890510948905,32.3,37.2,0.15170278637770918,3.35799722306069,1.21820372930296
CYP,982194,1244188,0.2667436372040555,77.487,81.203,0.04795643140139649,1.498,1.321,-0.11815754339118834,7.113,7.257,0.02024462252214243,11.786,10.313,-0.12497878839300858,31.0,37.6,0.2129032258064516,1.78369248341346,0.535999429698235
CZE,10196916,10505772,0.03028915801601184,75.2219512195122,77.3731707317073,0.028598294478129338,1.17,1.83,0.5641025641025643,10.6,13.3,0.2547169811320755,9.1,10.6,0.16483516483516492,37.0,42.6,0.15135135135135136,-0.192901617564167,-1.81187141002542
DEU,82488495,83196078,0.008577959871858498,78.2292682926829,80.9009756097561,0.03415227286899092,1.34,1.58,0.17910447761194037,10.2,12.3,0.20588235294117663,8.7,9.6,0.10344827586206895,39.9,44.9,0.12531328320802015,0.168128319406931,0.0423270572552137
DJI,789129,1105557,0.4009838695574488,57.215,62.305,0.08896268461067902,4.379,2.804,-0.35967115779858416,10.52,9.147,-0.13051330798479077,32.788,22.205,-0.32277052580212273,19.5,23.7,0.21538461538461529,3.04136539252469,1.40284750995694
DMA,68262,72412,0.06079517154492975,72.34,72.814,0.006552391484655695,2.276,1.595,-0.2992091388400703,9.61,8.986,-0.06493236212278863,16.867,13.326,-0.20993656251852733,27.5,31.6,0.14909090909090916,0.159806506904842,0.577535935346367
DNK,5375931,5856733,0.08943604372898384,76.8951219512195,81.4048780487805,0.058648142861674524,1.72,1.72,0.0,10.9,9.8,-0.1009174311926605,11.9,10.8,-0.09243697478991597,37.7,41.3,0.0954907161803713,0.319487125340996,0.433414489409722
DOM,8795101,11117873,0.2640983884096384,69.923,72.615,0.03849949229867122,2.774,2.273,-0.18060562364816146,6.202,6.678,0.07674943566591419,23.868,18.432,-0.22775263951734537,21.8,27.1,0.24311926605504586,1.4436803902991,1.06892666709415
DZA,31624696,44177969,0.39694525443027184,71.23,76.377,0.07225887968552569,2.456,2.889,0.17630293159609112,4.932,4.546,-0.07826439578264399,19.421,21.524,0.10828484630039648,21.7,27.8,0.28110599078341014,1.34886695233422,1.65770320084269
EAP,1850472928,2123628421,0.14761388230371342,71.5001923568857,75.5432912976843,0.05654668620495307,1.85366968136116,1.52044206107285,-0.17976645118542323,6.58882881447699,7.65466901633683,0.16176474330581692,15.4064569310889,10.5435143429303,-0.31564314948660277,,,,0.892592238484482,0.342553723704171
EAR,2591204247,3411889759,0.3167197309707095,65.2226549082517,68.4674058312014,0.049748832326958814,3.25161946415029,2.35096167336198,-0.27698745216598375,7.74678352768731,8.30194167162363,0.07166305111691385,26.2885044913073,18.9294543871044,-0.2799341478948064,,,,1.78177192000899,1.08900802143967
EAS,2083969920,2370196777,0.13734692341432653,72.4501596339701,76.3939111633585,0.05443399364905277,1.80020140852998,1.48943341378691,-0.17262956981954525,6.61134013170069,7.81855062195732,0.18259694195253728,14.8002926925782,10.1747731371613,-0.31252892435947754,,,,0.843921782209691,0.264601358589744
ECA,370807684,401537489,0.08287262191686406,67.8388759216773,71.4330856991183,0.05298156445856583,1.66626841041378,1.88324091441101,0.1302146176697605,12.0679016047656,12.501381731515,0.03592009124255857,13.167762060071,13.3969282651738,0.01740358035460776,,,,0.0184766010597741,0.181062047701189
ECS,865474170,923419216,0.06695179129378293,73.5029038659978,76.6303814237821,0.042549034028450894,1.54833410020188,1.69311297680023,0.09350622490292815,10.8151389305197,11.8497524564176,0.09566345217982164,11.5436597489849,11.0716970253387,-0.040885016875839786,,,,0.18115759403598,0.0341351528567913
ECU,13070609,17797737,0.36166088359004545,73.613,73.67,0.0007743197533045532,2.972,2.026,-0.31830417227456265,4.875,6.719,0.3782564102564103,24.46,16.817,-0.3124693376941946,21.6,27.6,0.2777777777777777,1.73709315382378,1.18206337539033
EGY,74393759,109262178,0.468700862393578,68.564,70.221,0.024167201446823494,3.318,2.917,-0.12085593731163358,6.202,6.327,0.020154788777813515,26.477,22.558,-0.14801525852626807,20.5,23.9,0.1658536585365853,2.09110329331686,1.65838367949689
EMU,324141533,343067846,0.05838904019744984,78.6821261833129,81.7088115579717,0.038467254527505323,1.45925137328105,1.50451028045114,0.031015154755912988,9.55558941908873,11.0517838279604,0.15657792975939255,10.3328870289634,8.9929039652524,-0.1296813813946659,,,,0.489563280946228,0.0450256475360504
ERI,2547424,3620312,0.42116585224917413,58.811,66.536,0.1313529781843532,5.233,3.867,-0.2610357347601757,9.727,6.729,-0.3082142489976355,37.239,28.624,-0.231343483981847,16.6,18.2,0.09638554216867457,3.41382758677749,1.7961013366299
ESP,41431558,47415750,0.14443560148039802,79.5682926829268,83.1780487804878,0.04536676577874532,1.25,1.19,-0.04800000000000004,8.8,9.5,0.07954545454545436,10.1,7.1,-0.29702970297029707,37.1,43.9,0.1832884097035039,1.41259540475782,0.105706398137095
EST,1379350,1330932,-0.03510204081632651,70.9048780487805,76.7414634146342,0.08231570981390446,1.36,1.61,0.18382352941176472,13.3,14.0,0.05263157894736836,9.4,10.0,0.06382978723404253,37.6,41.5,0.10372340425531901,-0.633433796423808,0.105996956310127
ETH,71073215,120283026,0.692381947263818,51.517,64.975,0.26123415571558883,6.374,4.159,-0.3475054910574208,13.96,6.776,-0.5146131805157594,43.39,32.383,-0.2536759622032726,15.1,18.5,0.22516556291390732,2.93296991314103,2.60431928274974
EUU,430898141,447179800,0.03778540088897708,77.531003298642,80.38730785169,0.03684080473002238,1.4208155397779,1.52028345217397,0.07000761859038973,9.93843729328598,11.8614880178309,0.1934962879771911,10.1410296264982,9.10922842812667,-0.10174521092764244,,,,0.229815700555463,-0.11447929366399
FCS,641576379,1001462452,0.5609403412902145,56.1425499387283,61.2505901165685,0.09098340177663666,5.10254501288073,4.35905999142036,-0.14570866490810686,12.8684239776992,9.57837210497134,-0.25566859457144664,37.2107092696238,32.3264298257475,-0.13126004689901127,,,,2.45912273466773,2.25071554114066
FIN,5200598,5541017,0.06545766467625458,78.119512195122,81.9341463414634,0.04883074713540769,1.72,1.46,-0.15116279069767447,9.5,10.4,0.09473684210526323,10.7,9.0,-0.1588785046728971,39.0,42.4,0.08717948717948709,0.242381050233372,0.207288594407348
FJI,849891,924610,0.087915979813882,65.748,67.114,0.020776297377866904,2.976,2.475,-0.16834677419354838,6.999,8.859,0.26575225032147465,24.267,19.345,-0.20282688424609552,21.7,26.8,0.23502304147465436,1.01360189605196,0.45397664568484
FRA,61816234,67749632,0.09598446259278748,79.2609756097561,82.3243902439024,0.038649721512754365,1.88,1.83,-0.02659574468085102,8.8,9.7,0.10227272727272707,12.9,10.9,-0.15503875968992242,37.3,41.6,0.11528150134048265,0.728746206873967,0.263854757064606
FRO,46813,52889,0.12979300621622203,78.8439024390244,83.4975609756098,0.059023696096022205,2.559,2.293,-0.10394685423993744,8.3,8.1,-0.024096385542168752,15.0,12.8,-0.1466666666666666,34.3,37.9,0.10495626822157433,1.22075921220517,0.900256782879419
FSM,111992,113131,0.010170369312093808,69.46,70.71,0.017995968902965842,3.961,2.711,-0.31557687452663474,5.128,6.211,0.2111934477379096,29.213,20.777,-0.2887755451340157,18.6,23.4,0.25806451612903203,0.0392962405699845,0.910158700223977
GAB,1341696,2341179,0.7449399864052662,61.292,65.821,0.07389218821379617,4.36,3.491,-0.19931192660550467,9.767,7.258,-0.25688543053138113,33.101,27.142,-0.18002477266547834,18.5,21.6,0.16756756756756763,2.65137953739362,2.09798810279019
GBR,59370479,67026300,0.1289499618151977,78.1439024390244,80.7,0.032710134523549206,1.63,1.56,-0.04294478527607348,10.2,9.7,-0.0490196078431373,11.3,10.1,-0.10619469026548678,37.0,39.6,0.07027027027027022,0.423337079636281,-0.0819253049161613
GEO,3978515,3708610,-0.06784063903240278,70.024,71.694,0.0238489660687764,1.563,2.081,0.3314139475367883,11.409,15.166,0.3293014286966429,11.798,13.412,0.13680284794032893,32.8,36.4,0.10975609756097571,-0.89725367267161,-0.379636607027231
GHA,20758326,32833031,0.5816800930865043,58.608,63.795,0.08850327600327601,4.723,3.563,-0.2456066059707812,9.744,7.627,-0.21726190476190477,35.344,27.548,-0.22057492077863294,17.6,20.4,0.15909090909090895,2.74837991725016,2.00774487031161
GIB,27892,32669,0.1712677470242363,80.26,79.329,-0.011599800647894454,1.666,1.848,0.10924369747899165,7.541,11.546,0.5310966715289749,11.188,10.714,-0.04236682159456562,37.5,41.7,0.1120000000000001,0.614966065167533,-0.122365336936279
GIN,8577790,13531906,0.5775515604835277,53.278,58.892,0.10537182326663919,5.793,4.399,-0.24063524943897807,14.094,9.99,-0.29118773946360144,40.547,34.425,-0.15098527634596892,15.9,17.7,0.1132075471698113,1.55168555991374,2.44431721949133
GMB,1522223,2639916,0.7342505007479194,57.08,62.083,0.08764891380518569,5.728,4.684,-0.1822625698324022,11.57,7.543,-0.34805531547104585,42.519,33.257,-0.21783202803452573,15.9,16.8,0.05660377358490565,2.85020452877525,2.52879318000917
GNB,1285678,2060721,0.6028282353746428,50.986,59.652,0.16996822657200017,5.612,4.005,-0.28635067712045614,15.07,8.716,-0.42163238221632393,42.257,31.087,-0.2643349030929787,16.4,18.3,0.11585365853658547,2.22560146575472,2.20258924567144
GNQ,754115,1634466,1.1673962194095067,54.085,60.594,0.12034760099842834,5.731,4.266,-0.25562729017623453,12.989,9.042,-0.30387250750635153,40.285,30.498,-0.24294402383020963,17.7,20.9,0.1807909604519773,4.73080674836867,2.37849451867221
GRC,10902022,10641221,-0.0239222595588231,78.6414634146341,80.1829268292683,0.019601153738796562,1.28,1.39,0.0859375,9.5,13.5,0.42105263157894735,9.5,8.0,-0.1578947368421053,37.9,44.7,0.17941952506596315,0.366566462148184,-0.537756534706951
GRD,108231,124610,0.15133372139220747,73.167,74.936,0.024177566389219196,2.455,2.004,-0.18370672097759677,7.14,8.151,0.14159663865546213,17.385,15.961,-0.08190969226344558,23.7,30.8,0.2995780590717301,0.272937296750141,0.762873605069601
GRL,56609,56653,0.0007772615661820748,67.1529268292683,71.1475609756098,0.05948562981473016,2.566,1.8,-0.2985190958690568,7.9,9.4,0.1898734177215189,16.9,13.4,-0.20710059171597628,31.9,33.9,0.06269592476489039,0.45857426832132,0.506106194434674
GTM,12147518,17109746,0.4084972749165714,68.386,69.237,0.012444067499195688,4.371,2.395,-0.45207046442461685,5.859,6.504,0.11008704557091642,33.227,21.12,-0.36437234778944827,17.0,22.1,0.30000000000000004,2.29788241650457,1.4803168061015
GUM,162563,170534,0.04903329785990662,75.793,76.656,0.011386275777446553,2.706,2.569,-0.05062823355506285,4.411,7.337,0.663341645885287,20.85,16.376,-0.21458033573141488,26.8,29.8,0.11194029850746268,0.641188051128184,0.767004481277612
GUY,760323,804567,0.058191058273917795,64.728,65.673,0.01459955506117927,2.961,2.397,-0.19047619047619047,7.351,9.987,0.3585906679363353,24.516,20.298,-0.1720509055310817,21.4,25.5,0.19158878504672905,0.0676257087659106,0.919614738982755
HIC,1115681856,1241269526,0.11256584421858706,77.9121078412331,79.9238302409305,0.025820407834387327,1.65347882168381,1.54546985334476,-0.06532225688204452,8.46883818565435,10.0207542950942,0.1832501785272851,11.8240706639425,9.73821688620855,-0.17640741814024852,35.8,40.7,0.13687150837988837,0.614298292108501,-0.0367872526771009
HKG,6744100,7413100,0.09919781735146271,81.4268292682927,85.4926829268293,0.04993260446308234,0.941,0.772,-0.17959617428267793,5.1,6.9,0.3529411764705883,7.1,5.0,-0.2957746478873239,36.2,44.9,0.24033149171270707,0.44284682728195,-0.91177674914823
HND,7019908,10278345,0.46417089796618427,69.366,70.123,0.010913127468788808,3.956,2.363,-0.4026794742163802,4.848,5.608,0.15676567656765683,32.052,21.071,-0.3425995257706227,17.5,23.4,0.33714285714285697,2.62751491094002,1.5351396675707
HPC,502494432,861156745,0.7137637556947098,53.6299965169525,62.3027853999622,0.16171526097840072,5.93070022214564,4.62029967714928,-0.22095207916650972,12.9901526569074,7.87810405711912,-0.393532603873596,42.3391103927078,35.0587121764505,-0.171954444690251,,,,2.96159999353824,2.75516213418111
HRV,4302174,3879000,-0.09836282772384386,74.7173170731707,76.4243902439025,0.022847088701807294,1.42,1.62,0.14084507042253525,11.4,16.2,0.42105263157894735,9.0,9.4,0.04444444444444451,38.4,43.7,0.13802083333333348,0.0588712912047699,-4.25664890192098
HTI,8661546,11447569,0.3216542404785474,58.855,63.192,0.07368957607679905,4.125,2.814,-0.3178181818181818,10.023,8.676,-0.13439090092786588,30.333,23.498,-0.22533214650710442,18.6,23.0,0.23655913978494625,1.744825137965,1.23729899666313
HUN,10158608,9709891,-0.04417111084510794,72.3487804878049,74.4658536585366,0.02926204362336904,1.3,1.59,0.22307692307692317,13.1,16.1,0.22900763358778642,9.5,9.7,0.021052631578947212,37.7,42.7,0.13262599469496017,-0.28475137719698,-0.413751024472153
IBD,4073344085,4895306842,0.20179065157467546,68.9875853336328,72.1250802575313,0.04547912365283069,2.29603556712575,1.82444877714955,-0.2053917616644535,7.52969925826092,8.68127834354331,0.15293825766267877,19.0946032383385,13.6463765745549,-0.28532808960620604,,,,1.14008770423976,0.564200718049548
IBT,5243283354,6695340280,0.2769365735102327,66.407507010969,69.7801282431438,0.0507867466191394,2.84140102618648,2.38459194368598,-0.16076895809163394,8.34554018601548,8.52921530661187,0.02200877552589975,23.1103403179576,18.2025946774014,-0.21236146127812316,,,,1.44285651230976,1.01495685459257
IDA,1169939269,1800033438,0.5385699802508297,57.4245658995831,63.4029037247301,0.10410767119426145,4.97819999861106,3.92102694969325,-0.21236050162965847,11.1860302058183,8.11567008606704,-0.2744816582163566,37.0918172318515,30.5935231910908,-0.17519481453662733,,,,2.5112894818554,2.26150706583749
IDB,390704440,595016031,0.5229313262987234,56.3822425571283,60.6802512013328,0.07622982785492471,5.15379525287776,4.08093620999371,-0.20816873590098295,11.6751788681721,9.35167702385652,-0.19901209827711652,37.4996662574221,31.2585123544965,-0.16643225195878442,,,,2.5087244113045,2.1246335714545
IDN,220115092,273753191,0.24368205974717982,67.134,67.57,0.006494473739088846,2.456,2.175,-0.11441368078175906,7.248,10.065,0.3886589403973508,21.174,16.425,-0.22428449985831678,24.3,29.4,0.20987654320987637,1.37351928060869,0.694717688319757
IDX,779234829,1205017407,0.546411123006926,57.9471816023942,64.7473008171317,0.11735030120009382,4.89189172991292,3.84396128714695,-0.2142178324099221,10.9407735167058,7.50535197934116,-0.3140017049177547,36.8873237733846,30.2651634426182,-0.17952401132294948,,,,2.51257564369998,2.32922814781134
IMN,77183,84263,0.0917300441807134,75.42,80.525,0.06768761601697171,1.853,1.564,-0.15596330275229353,12.227,10.604,-0.1327390202011942,12.071,8.529,-0.29343053599536073,38.9,45.3,0.1645244215938304,1.02227077083137,0.257859199732084
IND,1098313039,1407563842,0.28156890796959755,63.616,67.24,0.056966800804828965,3.217,2.031,-0.36866645943425547,8.363,9.448,0.12973813224919306,26.082,16.419,-0.3704853922245227,21.9,27.6,0.2602739726027399,1.77676787418134,0.797216093898126
INX,0,0,,0.0,0.0,,0.0,0.0,,0.0,0.0,,0.0,0.0,,,,,0.0,0.0
IRL,3931947,5033165,0.28006939055892666,77.6341463414634,82.1024390243903,0.05755576500157167,1.97,1.72,-0.12690355329949243,7.5,6.6,-0.12,15.4,11.6,-0.24675324675324684,31.9,37.6,0.17868338557993746,1.68514885730282,0.953898051735591
IRN,67327117,87923432,0.30591410887235826,70.445,73.875,0.04869046774079089,1.865,1.692,-0.09276139410187667,5.1,6.437,0.2621568627450981,16.069,13.699,-0.14748895388636496,21.8,31.9,0.463302752293578,0.973524734407785,0.722822505475776
IRQ,26255343,43533592,0.6580850610102484,67.084,70.378,0.04910261761373791,4.706,3.496,-0.2571185720356992,5.975,4.753,-0.20451882845188274,34.96,27.367,-0.21719107551487415,17.2,19.8,0.15116279069767447,3.2110492891941,2.26888921028968
ISL,287523,372520,0.2956180896832601,80.5024390243903,83.1170731707317,0.03247894322244371,1.93,1.82,-0.05699481865284972,6.3,6.3,0.0,14.1,13.1,-0.07092198581560283,32.4,35.9,0.10802469135802473,0.892596377462957,1.6393166402584
ISR,6570000,9364700,0.4253729071537291,79.4512195121951,82.5,0.03837298541826595,2.89,3.0,0.03806228373702414,5.8,5.4,-0.06896551724137923,21.2,19.7,-0.07075471698113212,27.1,29.0,0.07011070110701101,2.01405839404727,1.61038582783125
ITA,57059007,59109668,0.03593930402609358,80.2292682926829,82.7951219512195,0.031981516385967135,1.27,1.25,-0.015748031496062964,9.8,12.0,0.22448979591836715,9.4,6.8,-0.27659574468085113,39.9,46.8,0.1729323308270676,0.148916429490753,-0.555357163186613
JAM,2638244,2827695,0.0718095066263773,70.888,70.5,-0.005473422864236577,2.149,1.352,-0.3708701721731037,6.81,8.797,0.2917767988252571,18.609,11.712,-0.37062711591165576,22.6,30.8,0.36283185840707954,0.487837447460561,0.257040921915097
JOR,5275532,11148278,1.1132045071473362,72.359,74.256,0.026216503821224757,3.832,2.83,-0.2614822546972859,3.67,3.868,0.053950953678474134,29.024,21.95,-0.24372932745314224,18.9,23.4,0.23809523809523814,2.1501680651457,1.98907685592122
JPN,127445000,125681593,-0.013836611871787863,81.6907317073171,84.4456097560976,0.033723263229551215,1.32,1.3,-0.015151515151515138,7.8,11.7,0.5,9.2,6.6,-0.28260869565217395,41.4,48.4,0.16908212560386482,0.232527187105684,-0.459952415807642
KAZ,14858948,19000988,0.2787572848360462,65.95,70.23,0.0648976497346474,2.0,3.32,0.6599999999999999,10.05,9.61,-0.04378109452736334,15.29,23.5,0.5369522563767168,27.2,29.5,0.08455882352941169,0.00412554539450457,1.29950843805955
KEN,32779823,53005614,0.617019530581358,54.99,61.427,0.11705764684488074,5.016,3.335,-0.33512759170653905,10.332,8.056,-0.22028648857917166,39.594,27.685,-0.30077789564075375,16.0,19.2,0.19999999999999996,3.03360977756994,1.94276128252757
KGZ,4990700,6691800,0.34085398841845826,68.1560975609756,71.9,0.054931291153736295,2.4,2.89,0.20416666666666683,7.1,5.8,-0.18309859154929575,20.2,22.4,0.10891089108910879,21.2,23.7,0.11792452830188682,0.917899316903102,1.68633485930567
KHM,12561779,16589023,0.3205950367380288,61.226,69.584,0.1365106327377259,3.555,2.344,-0.34064697609001415,8.149,6.838,-0.16087863541538827,26.434,19.334,-0.268593478096391,18.8,26.5,0.40957446808510634,1.79592987916956,1.16513584860257
KIR,92400,128874,0.39474025974025984,64.84,67.417,0.03974398519432443,3.847,3.304,-0.1411489472316091,6.875,6.236,-0.09294545454545455,29.025,27.207,-0.06263565891472866,18.5,21.9,0.18378378378378368,2.04346451592179,1.88854075847608
KNA,46264,47606,0.029007435587065533,70.452,71.682,0.017458695281894032,2.038,1.531,-0.24877330716388613,8.937,10.181,0.13919659841109988,16.953,12.125,-0.2847873532708075,26.3,34.0,0.2927756653992395,0.602711851610802,-0.0755921420171568
KOR,47644736,51744876,0.08605651629594502,76.7658536585366,83.5268292682927,0.08807269492279346,1.178,0.808,-0.31409168081494054,5.1,6.2,0.21568627450980404,10.3,5.1,-0.5048543689320388,31.8,43.4,0.3647798742138364,0.577957276814842,-0.176408650734229
KWT,2047364,4250114,1.0758956394661623,76.982,78.673,0.02196617391078437,2.693,2.11,-0.2164871890085407,1.878,2.906,0.5473908413205539,21.712,10.41,-0.5205416359616801,25.9,38.3,0.4787644787644787,2.7577620921541,-2.5628080932518
LAC,481353718,592503434,0.23091068344048815,71.536991087633,71.907356144081,0.005177252367160712,2.49717405940081,1.85127747507065,-0.25865100668438823,6.0458909817063,8.46460206506584,0.4000586664030319,21.3131973876454,14.8870478556855,-0.30151034662142895,,,,1.37663521160817,0.763974592333355
LAO,5606101,7425057,0.3244600837551803,59.534,68.061,0.14322907918164418,4.037,2.496,-0.3817190983403518,9.785,6.613,-0.3241696474195196,30.872,21.973,-0.28825472920445716,17.7,23.8,0.34463276836158196,1.55306898212099,1.43321406495938
LBN,4446666,5592631,0.25771330700349426,75.064,75.047,-0.00022647340935733062,2.41,2.091,-0.13236514522821574,4.295,8.271,0.9257275902211877,19.712,14.948,-0.24168019480519476,23.9,28.3,0.18410041841004188,1.30076237598121,-1.24903516691702
LBR,3060599,5193416,0.6968626076137383,53.788,60.747,0.12937829999256345,5.653,4.089,-0.2766672563240756,13.58,8.838,-0.3491899852724596,42.318,31.287,-0.26066921877215365,17.6,17.9,0.017045454545454364,2.61344806491648,2.05886078022756
LBY,5405326,6735277,0.24604454939443055,71.004,71.911,0.012773928229395493,2.911,2.462,-0.15424252834077634,4.669,6.018,0.28892696508888416,22.811,17.828,-0.21844724036648988,21.8,26.3,0.20642201834862384,2.4232450219976,1.21494764533037
LCA,161799,179651,0.11033442728323406,71.472,71.111,-0.005050929035146479,1.933,1.399,-0.2762545266425246,6.929,10.299,0.4863616683504113,16.352,11.49,-0.2973336594911937,24.3,33.1,0.3621399176954734,0.747538322118724,0.230712748065059
LCN,535935546,654980808,0.22212608006411272,71.8368420199417,72.1474348300485,0.004323586635679,2.48406229302137,1.85328453609236,-0.2539299270799662,5.99131909483384,8.42724667880345,0.4065761721938741,21.1241821166514,14.7786654714622,-0.30039111621686265,23.8,30.3,0.2731092436974789,1.37080171843719,0.683410130996393
LDC,695718323,1099568566,0.5804795269133656,56.748222832941,64.2158675035077,0.1315925732608476,5.09419583289017,3.98366549696263,-0.21799914497937267,11.5058760923047,7.60189255326166,-0.339303457444156,38.0626676794036,31.3153408104402,-0.17726889049908878,17.2,19.2,0.11627906976744184,2.59876384737881,2.40514771009779
LIC,404771898,685250041,0.6929288925092325,54.2138092338243,62.4961095080066,0.15277104470672254,5.93383385093284,4.62459077785597,-0.2206403323664088,12.9239913454516,7.96338277301322,-0.3838294563841681,41.8118176899153,34.6763679392148,-0.17065629156853235,16.1,17.6,0.0931677018633541,3.01523835021511,2.72787210660275
LIE,33693,39039,0.15866797257590592,79.6365853658537,84.4024390243902,0.059845027717373656,1.47,1.53,0.04081632653061229,6.4,6.9,0.078125,11.7,9.6,-0.17948717948717952,36.2,43.7,0.20718232044198892,0.945302183064675,0.727556393997221
LKA,19110707,22156000,0.1593500962575587,71.117,76.399,0.07427197435212385,2.275,1.99,-0.12527472527472527,7.86,7.36,-0.06361323155216281,18.914,14.019,-0.2588030030665116,27.0,32.5,0.20370370370370372,1.00146555030075,1.07544995696428
LMC,2345451008,3157350729,0.34615931785858045,63.1947338151646,66.9119689863247,0.05882191357957889,3.49536035972048,2.63227677936224,-0.24692263215666255,8.78895952070213,8.65114551970511,-0.01568035450298788,27.9079407467052,21.0482742092885,-0.24579622694757763,21.2,25.6,0.20754716981132093,1.83682769895358,1.28720144662324
LMY,5167128185,6618691904,0.2809227228412565,66.2443009218683,69.7191083804996,0.05245443623489443,2.85943048824379,2.39317500106999,-0.16305886402581005,8.35537976211945,8.48313610694697,0.015290309772241217,23.2649043137609,18.2938184585408,-0.2136731700323291,,,,1.46350430508973,1.0372085047762
LSO,1997534,2281454,0.14213525276666128,45.595,53.062,0.1637679570128303,3.677,3.018,-0.1792221920043514,18.368,14.186,-0.2276785714285714,29.501,26.107,-0.11504694756109968,18.7,22.1,0.18181818181818188,-0.0970226047692506,1.2062178802275
LTE,2074581734,2321865172,0.11919676817129443,71.9214452531973,76.342112681345,0.061465219623783485,1.68105071379184,1.39686570724587,-0.16905201265757885,7.25672916248139,8.20784081204781,0.13106616331829501,13.8547176058029,9.52163512315908,-0.3127514111748446,,,,0.673190314162511,0.197914801395243
LTU,3443067,2800839,-0.18652788342486515,71.7609756097561,74.3390243902439,0.035925497926721395,1.23,1.34,0.08943089430894324,11.9,17.0,0.4285714285714286,8.6,8.3,-0.0348837209302324,36.0,43.7,0.21388888888888902,-0.802765710748508,0.212805429536827
LUX,446175,640064,0.4345581890513812,77.9658536585366,82.7487804878049,0.06134643058249378,1.63,1.38,-0.15337423312883436,8.4,7.0,-0.16666666666666674,12.0,10.5,-0.125,36.5,38.7,0.0602739726027397,1.04766081596443,1.51834936706612
LVA,2310173,1884490,-0.18426455507877548,70.9609756097561,73.2829268292683,0.032721523338145486,1.26,1.57,0.24603174603174605,14.1,18.4,0.3049645390070921,8.7,9.2,0.05747126436781613,37.8,43.6,0.1534391534391535,-1.1618382239436,-0.843294678005026
MAC,449665,686607,0.526930047924566,81.293,85.399,0.050508653881637944,0.8,1.088,0.3600000000000001,3.701,4.111,0.1107808700351256,7.119,10.114,0.42070515521842977,32.7,37.6,0.14984709480122316,2.3725582288621,1.51504486448614
MAF,31160,31948,0.025288831835686754,77.031,80.379,0.04346302138100233,2.687,2.415,-0.10122813546706355,3.57,4.911,0.37563025210084033,23.284,15.053,-0.3535045524823913,28.8,38.2,0.32638888888888906,2.51203356297776,-1.87599492510377
MAR,29301817,37076584,0.2653339552287832,67.547,74.042,0.09615526966408572,2.67,2.328,-0.12808988764044948,6.318,6.17,-0.023425134536245618,21.984,17.545,-0.20191957787481807,22.0,28.7,0.30454545454545445,1.27670558488657,1.05148431222073
MCO,32386,36686,0.13277342061384556,0.0,0.0,,0.0,0.0,,0.0,0.0,,0.0,0.0,,45.0,54.5,0.21111111111111103,-0.178929555681925,-0.641236845621864
MDA,2911385,2615199,-0.10173371093139516,66.938,68.846,0.028503988765723465,1.437,1.806,0.25678496868475986,13.042,16.36,0.2544088330010734,11.422,12.432,0.08842584486079486,31.6,36.1,0.14240506329113933,-0.231580062051396,-0.759232259187156
MDG,17211934,28915653,0.6799769857355948,58.892,64.485,0.09497045439108875,5.225,3.851,-0.2629665071770334,9.748,7.104,-0.2712351251538777,39.09,30.949,-0.2082629828600665,16.3,19.0,0.16564417177914104,2.96156859041379,2.41686937370051
MDV,292284,521457,0.7840764461961653,73.291,79.918,0.09042037903698974,2.413,1.692,-0.2987981765437214,3.82,3.02,-0.2094240837696335,18.952,14.088,-0.25664837484170544,18.8,30.6,0.6276595744680851,1.71154334670149,1.35517739152214
MEA,333949565,486168063,0.4558128350908317,69.9765924524349,72.7459207860447,0.03957506698389457,3.07329738248736,2.62906495098566,-0.14454586595917462,5.34318058780223,5.54546687215651,0.03785877737617027,24.2943324942855,20.1420550524027,-0.17091547762670556,,,,1.90969464876973,1.29205102332017
MEX,100917081,126705138,0.25553708791874397,74.106,70.213,-0.05253285833805632,2.623,1.822,-0.3053755242089211,4.946,9.406,0.9017387788111608,23.256,14.857,-0.3611541107671139,22.4,29.0,0.2946428571428572,1.52045522318023,0.559420832085433
MHL,54496,42050,-0.22838373458602468,63.719,65.269,0.024325554387231607,4.378,2.729,-0.3766560073092736,6.3,7.556,0.1993650793650794,34.563,19.28,-0.4421780516737551,16.8,25.0,0.48809523809523814,0.152420857906842,-3.18995490050083
MIC,4762356287,5933441863,0.24590465421429308,67.2668252688741,70.5532912077882,0.04885715842508809,2.63347327062099,2.14874901743091,-0.18406271998188117,7.96707500910085,8.5431621426968,0.07230848623087915,21.6885272271073,16.4018065432778,-0.24375655518102302,,,,1.33376890883987,0.845532409971057
MKD,2020157,2065092,0.022243320692401536,73.0390243902439,74.5368292682927,0.020506912442396663,1.789,1.6,-0.1056456120737842,8.9,15.5,0.7415730337078652,13.7,10.2,-0.25547445255474455,32.0,38.3,0.1968749999999999,-0.726260079023056,-0.359578821721077
MLI,11952660,21904983,0.8326450346617407,52.222,58.941,0.12866224962659412,6.821,5.956,-0.1268142501099545,14.888,9.274,-0.37708221386351426,47.491,41.643,-0.12313912109662883,15.5,15.1,-0.02580645161290329,3.13442055916044,3.15796436945004
MLT,395969,518536,0.3095368576833035,78.7390243902439,82.8609756097561,0.05234953381036456,1.45,1.14,-0.21379310344827596,7.6,8.0,0.05263157894736836,9.9,8.5,-0.14141414141414144,36.5,39.0,0.06849315068493156,0.745506921127166,0.619810315667809
MMR,46480230,53798084,0.1574401417548923,60.725,65.672,0.08146562371346233,2.782,2.151,-0.22681524083393245,9.876,9.769,-0.010834345889023878,23.012,17.103,-0.256779071788632,23.4,29.0,0.23931623931623935,1.00634119882684,0.699278204168444
MNA,294813993,418047201,0.41800325264750926,69.3260675196513,71.8998757257437,0.03712612438838847,3.04362153809013,2.67053695839294,-0.12257916269422264,5.59295816572044,5.94223989212405,0.062450266219471695,24.4067079487404,20.828985456128,-0.14658767172231613,,,,1.8200710264898,1.51455164322283
MNE,609828,619211,0.015386305646838183,73.9064878048781,73.8243902439024,-0.0011108302317442975,1.801,1.75,-0.02831760133259298,9.0,14.8,0.6444444444444446,13.9,11.4,-0.17985611510791366,32.8,38.2,0.16463414634146356,0.400750772330341,-0.337762721786185
MNG,2494617,3347782,0.34200239956674716,63.518,70.975,0.11739979218489238,2.13,2.837,0.33192488262910813,7.229,6.131,-0.1518882279706737,19.378,21.413,0.10501599752296409,21.5,26.8,0.24651162790697678,0.886457738285741,1.60937103615911
MNP,77162,49481,-0.35873875741945516,0.0,0.0,,0.0,0.0,,0.0,0.0,,0.0,0.0,,26.2,38.7,0.47709923664122145,-2.95857279553887,-0.213994509732827
MOZ,18694946,32077072,0.7158151727210125,50.59,59.325,0.1726625815378533,5.734,4.644,-0.19009417509591908,14.731,8.793,-0.40309551286402834,43.037,36.598,-0.1496154471733625,16.4,16.8,0.024390243902439046,2.56940314170631,2.84211234895462
MRT,2821703,4614974,0.6355279063742711,61.268,64.364,0.05053208852908542,5.287,4.398,-0.16814828825420847,8.704,7.44,-0.14522058823529416,36.996,33.194,-0.10276786679641037,16.7,17.6,0.05389221556886237,2.14496344480591,2.55391077109444
MUS,1204621,1266334,0.05123022095746288,71.9658536585366,73.680243902439,0.023822273435910812,1.94,1.41,-0.2731958762886598,6.9,10.5,0.5217391304347825,16.6,10.3,-0.3795180722891567,28.5,36.8,0.2912280701754384,0.694240135210974,0.0252729878913446
MWI,11784498,19889742,0.6877886525162125,47.221,62.904,0.3321191842612399,5.96,3.917,-0.3427852348993289,17.66,6.983,-0.6045866364665912,45.084,32.859,-0.27116050039925477,16.0,16.8,0.050000000000000044,2.45406914818211,2.61141776637435
MYS,24142445,33573874,0.39065757424320524,73.563,74.884,0.017957397061022506,2.602,1.803,-0.3070714834742506,4.43,6.034,0.36207674943566603,20.091,15.24,-0.24145139614752875,23.0,29.9,0.30000000000000004,2.51634742159783,1.11985399101
NAC,319048184,370321816,0.1607081142326765,77.1922992714978,76.9767231711531,-0.002792715107325483,1.97063538898547,1.64003839962149,-0.16776162206961032,8.36203540904655,10.1317697664347,0.2116391848177952,13.6558181127274,10.8549166803611,-0.2051068203490367,,,,0.947888188691621,0.20002160762067
NAM,1888525,2530151,0.33974980474179595,51.254,59.269,0.15637803878721668,3.716,3.303,-0.11114101184068903,13.12,10.709,-0.18376524390243898,29.68,27.439,-0.0755053908355795,18.0,21.3,0.18333333333333335,1.71558953640231,1.63585889002733
NCL,221490,274660,0.2400559844688248,75.1024390243903,79.1273414634146,0.053592166796569085,2.33,2.02,-0.1330472103004292,5.1,7.2,0.41176470588235303,18.9,14.3,-0.24338624338624326,26.4,33.2,0.2575757575757578,1.89881141880703,0.804215476422117
NER,12456517,25252722,1.0272699021724931,50.562,61.576,0.21783157311815193,7.671,6.82,-0.11093729631078086,16.272,8.141,-0.49969272369714846,51.841,45.293,-0.1263092918732278,15.1,14.5,-0.039735099337748325,3.47215473567164,3.70742378461307
NGA,129583026,213401323,0.6468308356991139,47.928,52.676,0.09906526456351195,6.135,5.237,-0.14637326813365925,16.919,13.083,-0.22672734795200666,43.563,37.117,-0.14796960723549812,17.0,17.0,0.0,2.68288995606035,2.40636338101405
NIC,5259006,6850540,0.3026301928539348,67.18,73.837,0.0990919916641857,2.941,2.321,-0.21081264875892547,5.699,4.859,-0.14739427969819263,26.473,20.507,-0.22536168926831102,18.6,24.5,0.31720430107526876,1.26759174707907,1.39120241997296
NLD,16148929,17533044,0.08570939905674235,78.2926829268293,81.4609756097561,0.040467289719625876,1.73,1.62,-0.06358381502890165,8.8,9.8,0.11363636363636354,12.5,10.2,-0.18400000000000005,37.1,41.7,0.12398921832884091,0.638291666268526,0.523490508168757
NOR,4538159,5408320,0.19174317162532217,78.9878048780488,83.1634146341463,0.05286398023776351,1.75,1.55,-0.11428571428571421,9.8,7.8,-0.20408163265306134,12.2,10.4,-0.14754098360655732,36.2,39.3,0.08563535911602194,0.539290805050494,0.534772281874925
NPL,25332178,30034989,0.18564574273874124,63.264,68.45,0.08197395042994438,3.59,2.029,-0.4348189415041783,7.954,7.776,-0.022378677395021418,28.487,20.402,-0.2838136693930564,18.6,23.7,0.27419354838709653,1.49583260634063,2.31172371212952
NRU,10351,12511,0.20867549029079324,58.181,63.617,0.09343256389542987,3.533,3.519,-0.003962637984715522,8.429,6.633,-0.21307391149602561,28.404,27.56,-0.02971412477115898,19.3,20.3,0.051813471502590636,-0.115863680046712,1.57902257627617
NZL,3948500,5111400,0.29451690515385587,78.8463414634146,82.2073170731707,0.042626906301234335,1.89,1.64,-0.13227513227513232,7.1,6.83,-0.038028169014084456,13.67,11.48,-0.16020482809070957,33.8,36.5,0.0798816568047338,1.73717486434422,0.415621677337565
OED,1218395986,1372543943,0.126517124786391,77.3786986556008,78.7141661346654,0.017258851625413518,1.78223641900074,1.58936743398556,-0.10821739638970984,8.06479471287835,9.92687667903541,0.23089018784118287,13.232626923038,10.5114613020291,-0.20564062123381954,,,,0.756803932609884,0.169445880468672
OMN,2403659,4520471,0.8806623568484548,73.869,72.541,-0.017977771460287895,3.501,2.623,-0.2507854898600399,3.041,3.796,0.24827359421243012,23.29,18.419,-0.20914555603263196,20.3,28.8,0.41871921182266014,1.21408381409051,-0.5059218392323
OSS,22208079,32708277,0.4728098274506318,60.4283508064141,66.9896229202087,0.10857936756894193,3.55668957230535,2.85960173560602,-0.1959934434895021,11.0350559645105,8.34235589618493,-0.24401326798753709,27.5052389573361,21.5970478455652,-0.2148023916801889,,,,1.76042433506115,1.00925949487645
PAK,163262807,231402117,0.4173596623265212,62.626,66.098,0.05544023249129748,5.008,3.47,-0.307108626198083,8.454,7.168,-0.15211734090371432,34.868,27.519,-0.21076631868762197,17.5,20.2,0.15428571428571414,2.50885975954029,1.83406208240793
PAN,3120990,4351267,0.39419447034434585,74.824,76.223,0.018697209451512986,2.698,2.325,-0.13825055596738312,4.626,6.067,0.3115002161694769,22.951,17.692,-0.2291403424687377,23.8,28.8,0.2100840336134453,1.94007586747458,1.3156150150044
PER,27334503,33715471,0.23344005925404976,71.661,72.377,0.009991487699027246,2.693,2.192,-0.1860378759747493,5.707,7.988,0.3996845978622745,22.481,17.622,-0.2161380721498155,22.1,28.2,0.2760180995475112,1.17608515721159,1.22566025209601
PHL,81285572,113880328,0.4009906702754087,69.781,69.266,-0.007380232441495549,3.656,2.748,-0.24835886214442005,5.621,7.311,0.30065824586372525,28.398,21.813,-0.23188252693851685,20.3,24.5,0.2068965517241379,2.06267818983041,1.49455716704944
PLW,19851,18024,-0.09203566570953603,0.0,0.0,,0.0,0.0,,6.7,10.2,0.5223880597014925,13.0,13.4,0.030769230769230882,30.1,35.7,0.18604651162790709,0.115930353970459,0.288921192202971
PNG,5892596,9949437,0.688464133634819,61.698,65.351,0.059207753898019355,4.419,3.215,-0.2724598325412989,7.54,6.683,-0.11366047745358088,33.673,25.514,-0.24230095328601553,18.7,21.8,0.1657754010695187,3.34955956126701,2.02856054038959
POL,38230364,37747124,-0.012640214464084143,74.4975609756098,75.6024390243903,0.014831063383971,1.25,1.33,0.06400000000000006,9.4,13.8,0.46808510638297873,9.3,8.8,-0.053763440860215006,34.8,40.9,0.17528735632183912,-0.0463189372499392,-0.401728616642455
PRE,586023563,1011043183,0.725260291282861,52.3681161355009,59.87258063232,0.1433021664823979,6.01817438585282,4.84417126109758,-0.19507628883520212,13.8225101217816,9.05970139714398,-0.3445690169640284,43.1760371543524,35.9923407811801,-0.1663815589997505,,,,3.03989273450971,2.72600880704496
PRI,3823701,3262693,-0.14671858495211842,76.728,80.162,0.04475549994786787,1.8317,0.907,-0.5048315772233445,7.28,8.6,0.18131868131868112,13.7,5.9,-0.5693430656934306,32.0,44.0,0.375,0.128937305848895,-0.576507689869367
PRK,23638411,25971909,0.09871636464904521,60.792,73.284,0.20548756415317815,1.943,1.809,-0.06896551724137934,11.138,9.313,-0.16385347459148858,16.067,13.24,-0.17595070641687927,30.0,35.6,0.18666666666666676,0.533984339747177,0.402945210274924
PRT,10419631,10325147,-0.009067883497985707,77.0658536585366,81.0731707317073,0.05199860746273344,1.46,1.38,-0.0547945205479452,10.2,12.1,0.18627450980392157,11.0,7.7,-0.29999999999999993,37.4,45.0,0.20320855614973277,0.547667939660689,0.272191902136354
PRY,5286512,6703799,0.2680949177832188,70.025,70.262,0.003384505533737814,3.315,2.469,-0.25520361990950224,5.585,7.638,0.3675917636526409,25.591,20.627,-0.19397444414051823,19.5,25.6,0.3128205128205128,1.42830817376899,1.27761600231743
PSE,3075373,4922749,0.6006998175505867,70.969,73.473,0.035283010892079636,5.186,3.504,-0.32433474739683765,4.3,3.815,-0.11279069767441863,39.6,28.236,-0.286969696969697,15.3,19.2,0.2549019607843137,2.55528456623402,2.45703865277568
PSS,2091909,2602173,0.24392265629145427,67.2052661088637,69.1635941828432,0.029139503306292447,3.75473299830069,3.24101311457014,-0.13681928487672712,6.33519648034403,6.75759447162045,0.06667480520722258,28.7008425662875,24.7051193417963,-0.13921971855922588,,,,1.34270390414075,1.37734682500013
PST,1030818658,1116545246,0.08316359752968294,77.7959890213592,79.797890541836,0.025732708660946013,1.58071252204756,1.48855259072309,-0.05830277804410089,9.09194297723994,10.8030139123551,0.18819639975729285,11.1840949456864,9.25993849951156,-0.17204400137151643,,,,0.50096062915614,-0.0786511575842468
PYF,259137,304032,0.17324812743838192,79.711,79.486,-0.0028226969928867307,2.427,1.699,-0.29995879686856197,2.393,5.376,1.2465524446301717,19.322,12.759,-0.33966463099058064,25.0,33.0,0.32000000000000006,1.59011958183693,0.697087740409896
QAT,713186,2688235,2.769332263953583,75.412,79.272,0.051185487720787126,3.042,1.801,-0.4079552925706772,2.173,1.311,-0.3966866083755177,18.557,9.816,-0.4710351888775125,29.3,33.0,0.12627986348122855,4.93700548143404,-2.64853183197257
ROU,21730496,19119880,-0.12013605211772438,71.009756097561,72.9609756097561,0.027478189187332358,1.27,1.8,0.4173228346456692,12.4,17.5,0.411290322580645,9.7,9.3,-0.04123711340206171,34.2,41.9,0.22514619883040932,-1.83065499370162,-0.757432344210514
RUS,145306497,143449286,-0.012781334891033835,65.1287804878049,69.3612195121951,0.06498569438410895,1.286,1.493,0.1609642301710732,16.2,16.7,0.030864197530864113,9.7,9.6,-0.010309278350515427,36.0,38.8,0.07777777777777772,-0.460024258081391,-0.43395152847745
RWA,8372306,13461888,0.607906829970142,51.032,66.072,0.2947170402884467,5.752,3.821,-0.33570931849791374,13.926,6.28,-0.5490449518885538,40.388,29.976,-0.25779934634049717,16.1,19.0,0.18012422360248426,1.78798197593577,2.3717515483557
SAS,1462070145,1901911604,0.3008347174752002,63.7715296382315,67.5791290463818,0.059706885341317184,3.43226816745664,2.24093002461978,-0.3470993770628531,8.2381720065565,8.73700874686182,0.060551872418822095,27.4992458505484,18.3365608834268,-0.33319768174438413,,,,1.93510475003487,1.02946393006668
SAU,22623415,35950396,0.589079102337114,73.337,76.936,0.04907481898632349,3.706,2.427,-0.3451160280626012,3.207,2.864,-0.1069535391331462,25.896,17.473,-0.3252625888168057,22.1,29.8,0.34841628959276005,2.40447229697642,-0.129847471045763
SDN,27570318,45657202,0.6560273987409213,58.976,65.267,0.10667051003798145,5.248,4.457,-0.1507240853658537,9.34,6.799,-0.27205567451820123,37.42,33.596,-0.10219134152859444,16.3,18.4,0.12883435582822078,2.28583965848042,2.70104593999388
SEN,10180950,16876720,0.6576763465099034,58.231,67.093,0.15218697944393877,5.311,4.387,-0.17397853511579753,10.423,5.922,-0.4318334452652788,38.671,32.573,-0.157689224483463,16.6,17.8,0.07228915662650603,2.41498169831971,2.64538054494311
SGP,4175950,5453566,0.30594619188448147,78.5512195121951,83.4414634146342,0.06225548034527817,1.37,1.12,-0.18248175182481752,4.4,5.8,0.3181818181818181,11.4,8.6,-0.2456140350877194,34.3,41.8,0.21865889212827994,0.912639805776796,-4.17033630017526
SLB,450760,707851,0.5703500754281658,67.515,70.348,0.041961045693549526,4.626,3.983,-0.13899697362732388,5.899,5.028,-0.14765214443125962,34.661,29.785,-0.1406768414067684,17.5,19.3,0.10285714285714298,2.3262995615241,2.3817422996453
SLE,5140113,8420641,0.6382209885269059,46.359,60.062,0.29558446040682496,6.23,3.978,-0.3614767255216693,18.67,9.113,-0.5118907337975362,44.345,31.36,-0.2928176795580111,16.8,18.8,0.11904761904761907,5.66343352057259,2.24176737112654
SLV,6011275,6314167,0.0503873138394102,70.232,70.748,0.007347078254926531,2.809,1.803,-0.3581345674617302,6.046,8.661,0.43251736685411823,24.484,16.025,-0.3454909328541089,20.8,26.3,0.26442307692307687,0.386354097488165,0.340068122361035
SMR,27969,33745,0.20651435517894812,0.0,0.0,,0.0,0.0,,0.0,9.1,,0.0,6.2,,38.2,46.3,0.2120418848167538,2.29288216357038,-0.773412758286969
SOM,9411103,17065581,0.8133454707700043,50.731,55.28,0.08966903865486575,7.578,6.312,-0.16706254948535237,15.684,11.596,-0.26064779393011983,49.688,43.561,-0.1233094509740783,15.2,15.2,0.0,3.68355422936353,3.14623658777376
SRB,7496522,6834326,-0.08833376331050591,72.2853658536585,72.7307317073171,0.006161217397173235,1.57,1.48,-0.05732484076433131,13.7,20.0,0.45985401459854014,10.4,9.1,-0.1250000000000001,39.0,42.9,0.09999999999999987,-0.0921469496277098,-0.943688169512831
SSA,707609717,1181063755,0.669089226201228,51.8890711484619,60.2406378326655,0.16095039859758908,5.6439080361656,4.60146259186657,-0.1847027693610781,13.9937570976869,9.10650018225477,-0.34924551579075,41.2096542495049,34.6371043323982,-0.15949053775877442,,,,2.68893539593427,2.5938188090425
SSD,6686100,10748272,0.6075547778226469,47.492,54.975,0.15756337909542673,7.191,4.469,-0.3785287164511194,17.226,11.05,-0.3585278068036688,49.484,29.107,-0.41178966938808503,15.5,16.1,0.03870967741935494,4.4603289201929,1.33037160015506
SSF,707693440,1181163013,0.6690320218313737,51.891342436414,60.2417434631864,0.16092089035863189,5.64340819819653,4.60128828278526,-0.18466144549747465,13.9930125207336,9.10651644284259,-0.34920972668684713,41.2068729621967,34.6356054069473,-0.15947018259012036,,,,2.68898437290757,2.59366611880554
SST,30971830,42792327,0.38165316676476646,62.9410580527187,67.8224389438784,0.07755479558464207,3.25793356531976,2.65589310681651,-0.18479212250117216,9.84194558028812,8.35050237223603,-0.15153946909025984,25.7385726823165,20.3791872830379,-0.2082238772688716,,,,1.49745950189157,0.941843039322649
STP,149841,223107,0.4889582957935412,62.6,67.591,0.07972843450479217,5.09,3.823,-0.24891944990176817,8.817,6.387,-0.27560394692072143,39.85,28.263,-0.2907653701380175,17.0,18.4,0.08235294117647052,2.42025464283049,2.02203616729568
SUR,495666,612985,0.2366896256753539,65.531,70.274,0.07237795852344675,2.84,2.348,-0.1732394366197183,8.351,8.667,0.0378397796671055,23.49,18.154,-0.22716049382716041,23.9,27.9,0.16736401673640167,1.68294819033744,0.970459647008266
SVK,5376912,5447247,0.013080928235388534,73.6048780487805,74.7146341463415,0.015077208562529254,1.19,1.64,0.37815126050420167,9.6,13.5,0.40625,9.5,10.4,0.09473684210526323,33.6,40.6,0.20833333333333326,-0.0363525509687338,-0.212358807611049
SVN,1994530,2108079,0.056930204108236016,76.0073170731707,80.8756097560976,0.0640503160799677,1.21,1.64,0.3553719008264462,9.4,11.0,0.17021276595744683,8.8,9.0,0.022727272727272707,37.6,43.2,0.14893617021276606,0.123915442323272,0.268851969969908
SWE,8924958,10415811,0.16704313902653656,79.8463414634146,83.1560975609756,0.04145156856156662,1.65,1.67,0.0121212121212122,10.6,8.8,-0.16981132075471683,10.7,11.0,0.028037383177570208,38.6,39.5,0.023316062176165664,0.325438067703728,0.600591532839468
SWZ,1050809,1192271,0.13462199124674412,44.486,57.066,0.2827855954682372,3.805,2.839,-0.25387647831800264,16.588,11.356,-0.3154087292018327,31.395,24.134,-0.23127886606147474,16.7,21.5,0.28742514970059885,0.899822293950695,0.9790522575795
SXM,30777,42846,0.3921434837703479,74.858,73.972,-0.011835742338828337,1.753,1.581,-0.0981175128351397,3.791,6.4,0.6882089158533369,14.671,10.5,-0.28430236521027874,31.2,46.5,0.4903846153846154,0.576764881535037,1.25888270630517
SYC,83723,99258,0.18555235717783636,71.0878048780488,73.3975609756097,0.03249159404377844,2.04,2.46,0.2058823529411764,7.7,9.3,0.20779220779220786,17.7,16.8,-0.05084745762711862,26.1,32.5,0.2452107279693485,3.05738532610948,0.805183391179401
SYR,17164021,21324367,0.2423876083582046,71.939,72.063,0.0017236825643949238,3.948,2.747,-0.3042046605876393,4.091,5.117,0.2507944267905158,30.822,20.111,-0.3475115177470638,18.3,20.9,0.14207650273224037,2.57345370585541,2.62158395663386
TCA,20598,45114,1.1902126420040782,75.54,74.587,-0.012615832671432403,2.322,1.669,-0.281223083548665,3.978,9.241,1.323026646556058,21.693,12.476,-0.4248836030055778,28.5,37.4,0.3122807017543858,5.07874968643713,1.87498501005673
TCD,8838369,17179740,0.9437681318804407,47.946,52.525,0.09550327451716512,7.201,6.255,-0.13137064296625467,17.441,12.504,-0.28306863138581506,50.307,43.357,-0.13815174826564902,14.4,15.0,0.04166666666666674,3.44814062098756,3.16388750517031
TEA,1826844868,2097669023,0.14824693642240883,71.6386767670973,75.5711934120901,0.05489376440854299,1.85257627749348,1.51684616618231,-0.18122336736677314,6.52997536038019,7.63413059820305,0.1690902609713023,15.3979834962347,10.510229784648,-0.31742816926527495,,,,0.897224816644979,0.341803757784518
TEC,435070718,462283493,0.06254793502328981,68.650378485346,71.8786033136585,0.04702413736876343,1.60899348957122,1.83503700039466,0.14048752359071282,11.8434516211293,12.845194627581,0.08458201531929599,12.6134784261854,12.8185868646428,0.016261052782363228,,,,-0.0799584084173546,0.0562139907732302
TGO,5281538,8644829,0.6368014392777255,55.311,61.619,0.11404603062681917,5.194,4.257,-0.1804004620716212,11.526,8.168,-0.2913413152871769,38.421,31.856,-0.1708700970823247,17.3,18.7,0.08092485549132933,2.61091784886825,2.36733896209991
THA,64222580,71601103,0.11488985649595507,72.93,78.715,0.07932263814616758,1.567,1.331,-0.15060625398851313,6.138,7.922,0.2906484196806778,12.919,8.999,-0.30342905797662356,31.0,39.3,0.2677419354838708,0.895723403218221,0.175345074912752
TJK,6541755,9750064,0.49043551768600313,64.846,71.594,0.10406193134503261,3.767,3.186,-0.1542341385718078,6.795,4.548,-0.3306843267108167,30.167,26.749,-0.1133026154407134,17.6,21.5,0.22159090909090895,2.05318718218435,2.14442565988658
TKM,4698968,6341855,0.34962719473722736,65.385,69.264,0.05932553337921531,2.686,2.667,-0.0070737155621742875,6.88,6.585,-0.04287790697674421,22.103,21.592,-0.023119033615346507,20.7,25.8,0.24637681159420288,1.36864308511031,1.45197711119455
TLA,519865563,639188695,0.22952690174632706,71.6941326160221,72.0749025193054,0.005311032986794251,2.50861348122834,1.8640224462816,-0.2569511165311591,5.94929622074813,8.31576487512033,0.39777287372566117,21.3810395236816,14.9352555415721,-0.3014719642125052,,,,1.40457309444631,0.710327608438703
TLS,909639,1320942,0.452160692318601,60.148,67.737,0.12617210879829743,6.022,3.149,-0.47708402524078386,9.604,7.233,-0.24687630154102458,38.954,24.944,-0.359654977665965,17.2,20.3,0.18023255813953498,1.84601168099225,1.59847001383189
TMN,291738620,413124452,0.4160773503350361,69.3087484886951,71.8811305367081,0.03711482466650762,3.02408446475325,2.66082323687331,-0.12012271221716031,5.6065879300382,5.9675878665686,0.06438852668238448,24.2465473222332,20.7407242233147,-0.1445906112869022,,,,1.81203490740576,1.50306977016395
TON,103804,106017,0.02131902431505539,69.335,70.986,0.023811927597894522,4.137,3.237,-0.21754894851341544,6.698,6.97,0.04060913705583746,28.71,23.045,-0.19731800766283525,19.6,21.6,0.1020408163265305,0.573875805693953,0.722298202056167
TSA,1462070145,1901911604,0.3008347174752002,63.7715296382315,67.5791290463818,0.059706885341317184,3.43226816745664,2.24093002461978,-0.3470993770628531,8.2381720065565,8.73700874686182,0.060551872418822095,27.4992458505484,18.3365608834268,-0.33319768174438413,,,,1.93510475003487,1.02946393006668
TSS,707693440,1181163013,0.6690320218313737,51.891342436414,60.2417434631864,0.16092089035863189,5.64340819819653,4.60128828278526,-0.18466144549747465,13.9930125207336,9.1065164428426,-0.34920972668684636,41.2068729621967,34.6356054069473,-0.15947018259012036,,,,2.68898437290757,2.59366611880554
TTO,1345964,1525663,0.1335095143703695,70.488,72.971,0.03522585404607881,1.718,1.626,-0.05355064027939471,6.505,9.131,0.4036894696387394,15.022,11.687,-0.222007722007722,27.1,35.5,0.30996309963099633,0.55108461926576,0.493855744994371
TUN,10094561,12262946,0.21480726105870285,74.059,73.772,-0.0038752886212343185,1.969,2.086,0.05942102590147269,4.863,7.884,0.6212214682294879,16.531,16.093,-0.02649567479281345,24.3,31.7,0.30452674897119336,0.989948991480907,0.828863470070942
TUR,65988663,84775404,0.2846964940023107,72.579,76.032,0.04757574505022122,2.323,1.889,-0.18682737839001284,5.464,6.398,0.1709370424597363,19.803,14.678,-0.2587991718426501,24.3,30.9,0.2716049382716048,1.3988328763027,0.757771487830032
TUV,9609,11204,0.165990217504423,63.58,64.547,0.015209185278389326,3.694,3.163,-0.14374661613427187,10.007,10.159,0.015189367442790092,24.478,23.484,-0.04060789280169952,22.7,25.0,0.10132158590308382,-0.124805008399676,1.21224489943751
TZA,36353531,63588334,0.7491652736566361,53.863,66.201,0.2290626218368823,5.623,4.726,-0.159523386092833,12.277,6.222,-0.4931986641687708,41.871,36.21,-0.1352009744214373,16.4,16.8,0.024390243902439046,2.61708727425256,3.00728723340751
UGA,25545090,45853778,0.7950133665608539,49.648,62.705,0.2629914598775378,6.779,4.585,-0.3236465555391651,14.083,5.877,-0.582688347653199,47.774,36.795,-0.2298111943735086,13.8,15.9,0.15217391304347827,3.10813979944162,3.211427903809
UKR,48202470,43792855,-0.09148110044983171,68.2756097560976,69.6478048780488,0.020097881613260205,1.095,1.16,0.05936073059360725,15.7,18.5,0.17834394904458595,8.1,7.3,-0.09876543209876543,37.4,40.8,0.09090909090909083,-0.949639340714078,-0.771557698116678
UMC,2416905279,2776091134,0.14861395608710581,71.2185603797413,74.6947280197538,0.04880985548538708,1.87568103682494,1.56773836633708,-0.16417645881259746,7.16948899158327,8.42034866948572,0.17446985125033554,15.6529867218768,11.1172076722691,-0.2897708360838537,28.6,35.1,0.2272727272727273,0.850311899761437,0.34786451455156
URY,3306441,3426260,0.03623805777874156,75.54,75.436,-0.001376754037595962,2.142,1.493,-0.30298786181139115,9.101,12.162,0.3363366663004066,15.545,10.473,-0.32627854615632035,31.2,35.2,0.12820512820512842,0.166541088046771,-0.0824466091158564
USA,287625193,332031554,0.15438967823656524,76.9365853658537,76.3292682926829,-0.00789373573421348,2.0205,1.664,-0.17644147488245499,8.5,10.4,0.22352941176470598,14.0,11.0,-0.2142857142857143,34.5,37.7,0.09275362318840585,0.927797485710314,0.156747054750178
UZB,25271850,34915100,0.38158069155997687,66.604,70.862,0.06393009428863117,2.52,3.173,0.2591269841269841,5.4,5.0,-0.07407407407407418,21.1,25.9,0.22748815165876768,20.8,26.6,0.27884615384615397,1.22383151928578,1.97570606573325
VCT,113450,104332,-0.0803702071397091,72.168,69.629,-0.035181798026826305,2.215,1.797,-0.1887133182844244,6.801,13.425,0.9739744155271284,18.35,12.901,-0.2969482288828339,23.8,33.0,0.38655462184873945,-0.168214543982812,-0.287130994918257
VEN,25330929,28199867,0.11325830173855844,72.662,70.554,-0.029011037406072027,2.739,2.211,-0.19277108433734946,5.01,8.124,0.6215568862275451,23.208,15.877,-0.3158824543260944,22.6,28.1,0.24336283185840712,1.79537122177653,-1.02517870784193
VGB,21288,31122,0.4619503945885006,73.891,74.494,0.008160669093664863,1.24,1.005,-0.18951612903225812,4.925,7.613,0.545786802030457,9.78,7.634,-0.21942740286298557,30.2,38.2,0.26490066225165565,3.00892886592725,0.683520845329328
VIR,108509,105870,-0.02432056327124943,77.5219512195122,80.0682926829268,0.032846715328466614,2.21,2.01,-0.09049773755656121,5.7,8.6,0.5087719298245612,15.1,11.8,-0.2185430463576158,34.0,42.7,0.25588235294117645,-0.0368565088158972,-0.395928119020198
VNM,80642308,97468029,0.2086463224738062,72.801,73.618,0.01122237331904774,2.063,1.944,-0.05768298594280186,5.8,7.317,0.26155172413793104,18.142,15.008,-0.17274831881821195,23.9,32.0,0.33891213389121355,1.02771758753322,0.84418167703331
VUT,202125,319137,0.5789090909090908,69.196,70.449,0.01810798312041162,4.364,3.735,-0.14413382218148485,5.645,5.395,-0.04428697962798933,32.649,29.438,-0.0983491071702044,17.4,19.5,0.12068965517241392,2.55100152185343,2.3627415254938
WLD,6308140970,7888161297,0.25047321144441703,68.3332219562297,71.327390676396,0.04381717463994583,2.65374683882845,2.27319100090675,-0.1434032185563353,8.36200825262782,8.7237749917148,0.04326314064247572,21.2414985138073,16.9390733936519,-0.20254809788296058,25.7,30.0,0.16731517509727634,1.31365742599441,0.859197458691725
WSM,186630,218764,0.17218024969190382,71.276,72.767,0.02091868230540439,4.429,3.93,-0.11266651614359902,5.035,5.343,0.06117179741807344,29.94,27.254,-0.08971275885103536,18.5,20.6,0.11351351351351369,0.591145315625182,1.76857821590665
XKX,1702310,1786038,0.04918493106425981,74.676,76.806,0.0285232203117467,2.533,1.522,-0.3991314646664035,5.014,7.22,0.43996808934982035,16.858,11.143,-0.3390081860244394,21.5,30.5,0.4186046511627908,0.0679307931245331,-0.229015994470004
YEM,19660653,32981641,0.6775455525307323,63.906,63.753,-0.002394141395174132,5.937,3.795,-0.3607882769075291,7.203,6.845,-0.049701513258364693,38.654,30.544,-0.2098101102085166,14.6,18.7,0.2808219178082192,2.66583425909229,2.137789700681
ZAF,47661514,59392255,0.24612606724998276,55.666,62.341,0.11991161570797271,2.324,2.374,0.02151462994836506,11.784,11.432,-0.029871011541072634,20.04,19.821,-0.010928143712574778,21.5,27.1,0.2604651162790699,0.910100943022538,0.998920418563044
ZMB,10508294,19473125,0.8531195453800589,46.979,61.223,0.30319930181570487,5.792,4.308,-0.2562154696132597,15.292,6.973,-0.5440099398378238,44.746,34.511,-0.2287355294327984,14.8,16.9,0.14189189189189166,3.05652834733399,2.84080597789489
ZWE,11984644,15993524,0.33450138360388504,44.565,59.253,0.32958599798047805,3.887,3.491,-0.10187805505531256,16.953,9.057,-0.46575827287205795,35.924,30.537,-0.14995546152989647,17.1,18.1,0.058479532163742576,0.616566778386599,2.0457148779533
